id,prioridad,capacidad,entregable,aceptacion,dependencias,estado,estado_2026-09-13
TF01,P0,Benchmark comparable,Baseline y ejecutor de escenarios,Resultados reproducibles por familia y coste total,,Propuesto,En curso: este lote (PR1/T1) entrega el manifiesto de aceptacion y `scripts/acceptance_run.py`; falta comparacion de familias y coste total contra un motor de referencia
TF02,P1,SDK publico,Cliente TypeScript y contratos versionados,Aplicacion externa ejecuta ciclo completo de sesion,TF01,Propuesto,No iniciado: sin cliente TS publicado; solo guia de cliente y scripts Python (docs/api/client-guide.md)
TF03,P1,UI embebible,Paquete de componentes y ejemplo externo,Streaming approvals preguntas y reconexion con aislamiento,TF02,Propuesto,No iniciado: sin paquete de UI embebible; Studio es la unica UI (web + wrapper Electron)
TF04,P2,Carga diferida de herramientas,Busqueda y resolucion de esquemas,Menor contexto sin caida de exito ni permisos,TF01,Propuesto,Parcial: src/tool_index.py y src/tool_capabilities.py existen; discovery diferida con fallback acotado sin test de aceptacion (A08/A09 fuera de este contrato)
TF05,P2,Code Mode,Composicion autorizada de llamadas,Traza y aprobacion por efecto con limites y cancelacion,TF04;TF07,Propuesto,No iniciado: sin puente code-mode hacia src/tool_execution.py encontrado en el arbol auditado
TF06,P2,Resultados grandes,Referencias duraderas y lectura parcial,Recuperacion tras reinicio y control de ambito,TF01,Propuesto,Parcial: src/artifact_store.py existe; retencion/lectura parcial tras reinicio sin caso de aceptacion (A12/A13 fuera de este contrato)
TF07,P2,Sandbox enchufable,Contrato comun local aislado y remoto,Separacion de secretos red recursos y limpieza,TF01,Propuesto,Parcial: Docker opt-in (src/sandbox_exec.py) + clasificacion de comandos (src/command_guard.py); sin interfaz de proveedor local/remoto enchufable
TF08,P2,Skills versionadas,Catalogo git con revision fijada y rollback,Instalacion actualizacion y reversion reproducibles,TF07,Propuesto,Parcial: SKILL.md/importacion existen (src/workflows/skills.py); catalogo git con revision fijada y rollback (A25) sin validar
TF09,P2,MCP y autorizacion,Paridad de transportes OAuth y seleccion,Renovacion de token y aprobaciones por usuario,TF01,Propuesto,Parcial: transportes stdio/SSE/HTTP y OAuth MCP existen (src/mcp_manager.py, src/mcp_oauth.py); renovacion/reconexion real sin test de aceptacion (A18/A19 fuera de este contrato)
TF10,P2,Compaccion y subagentes,Optimizar contratos existentes,Ablacion de calidad coste readquisicion y cancelacion,TF01;TF06,Propuesto,Parcial: src/context_compactor.py existe y esta cableado; ablacion de coste/calidad de recuperacion no medida
TF11,P3,Recuperacion de ejecucion,Reconciliacion y leases sobre infraestructura existente,Fallos inyectados sin duplicaciones en fixtures,TF02,Propuesto,En curso: A05/A06 (unknown_effect en tool-calls de chat y fencing de leases) abiertos en la reauditoria de hoy; workflows ya tienen el patron equivalente (src/workflows/store.py)
TF12,P3,Team y OIDC,Perfil compartido y aislamiento validado,Pruebas dos usuarios dos workers backup y restauracion,TF11,Propuesto,No iniciado: sin login OIDC de la aplicacion; src/mcp_oauth.py cubre OAuth de servidores MCP externos, no sustituye el login
TF13,P4,Adaptacion continua,Candidatos evaluados con canarios y rollback,Transferencia reservada positiva y coste amortizado,TF01;TF08;TF11,Propuesto,Parcial: memory_curator/scorecard/capability_promotion existen por separado; ciclo canario+rollback formal (A26-A30) sin validar
TF14,P5,Instalacion y perfiles,Personal Headless Team documentados,Instalacion limpia primera tarea y actualizacion verificadas,TF02;TF12,Propuesto,No evaluado en este lote: instalacion self-hosted (Docker Compose/nativa) existe; perfiles Headless/Team explicitos no
TF15,P5,Migracion desde el harness de referencia,Importador o guia validada y reporte de perdidas,Proyecto de muestra migra recursos soportados sin secretos planos,TF02;TF08;TF09,Propuesto,No iniciado
TF16,P5,Evidencia y documentacion,Ejemplos externos y resultados publicados,Paridad trazable por fila y ventajas medidas,TF01;TF03;TF13;TF14;TF15,Propuesto,En curso: este lote crea docs/spec/paridad/MATRIZ_PARIDAD.md y ESTADO_ACEPTACION.md como base trazable; faltan ejemplos externos
TF17,P0,Licencia y adopcion,Inventario de procedencia y decision de titulares,Terminos claros para SDK UI e integraciones sin relicenciar codigo ajeno,,Decision pendiente,Decision pendiente del propietario: sin cambios de licencia ni relicencia; ver docs/spec/paridad/MATRIZ_PARIDAD.md fila TF17 y 10_LICENCIA_Y_ADOPCION.md
TF18,P1,Admision de turnos,Validacion y persistencia antes de sustituir predecessor,A01 A02 A03 sin cancelar turno valido por peticion invalida,TF02,Propuesto V2,En curso: A01 (admision sin lock por sesion) y A02 (CAS de aprobaciones) abiertos en la reauditoria de hoy; A03 ya verde (test_dispatcher_rejects_modified_approved_action)
TF19,P2,Contexto intra turno,Validar crecimiento tras herramientas sin duplicar compactacion inicial,A14 A15 con referencias y presupuesto conservados,TF10,Validacion requerida V2,Pendiente: A14/A15 fuera del alcance de este contrato (T1/T2/T3 cubren A01-A07)
TF20,P3,Cancelacion de herramientas,Contexto de cancelacion y estados de efecto incierto,A05 A06 A07 incluidos MCP y Code Mode,TF05;TF11,Propuesto V2,En curso: A05 (unknown_effect de tool-calls), A06 (fencing de leases) y A07 (cancelacion transitiva) abiertos en la reauditoria de hoy y asignados a T2/T3
TF21,P2,Artefactos y eventos,Reconciliar persistencia dump y evento con limpieza de huerfanos,A12 A13 sin referencia perdida tras corte,TF06,Propuesto V2,Pendiente: A12/A13 fuera del alcance de este contrato
TF22,P4,Promocion atomica,CAS de revision y contratos tipados de skills,A26 A27 A28 A30 sin activar cambios parciales,TF13,Propuesto V2,Pendiente: A26-A30 fuera del alcance de este contrato
TF23,P3,Identidad de servicio,Scopes y revocacion para automatizacion,A22 A23 contra identidades reales,TF12,Propuesto V2,Pendiente: A22/A23 fuera del alcance de este contrato
TF24,P0,Contabilidad completa,Attempt ledger y manifiesto de celdas esperadas,A32 A33 incluidos fallos y consumo desconocido,TF01,Propuesto V2,Pendiente: A32/A33 fuera del alcance de este contrato; scripts/acceptance_run.py (este lote) ya registra cost_status/total_cost por caso como paso previo
TF25,P1,Consumidor externo,Prueba de paquete SDK UI y recorrido contra backend real,A20 A21 sin imports internos ni fake como unica evidencia,TF02;TF03,Propuesto V2,No iniciado: depende de TF02/TF03
TF26,P4,Bootstrap seguro,Importacion versionada idempotente con compatibilidad,Reimportar snapshot no duplica ni resucita contenido retirado,TF08;TF13,Propuesto V2,No iniciado
